S Ladda,1,-,-,-,-,-,-,-,-,-,-,-,-
(Gujarat Lions)
VR Aaron,8,1,1,0,0*,-,0,-,0,0,0,0,0
(Royal Challengers Bangalore)
KJ Abbott,5,3,2,13,12*,13.00,8,162.50,0,0,1,0,1
(Kings XI Punjab)
AD Nath,4,3,0,20,12,6.66,27,74.07,0,0,0,1,0
(Gujarat Lions)
MA Agarwal,3,3,0,27,10,9.00,25,108.00,0,0,0,3,1
(Delhi Daredevils)
HM Amla,6,6,0,157,96,26.16,119,131.93,0,1,1,20,4
(Kings XI Punjab)
Ankit Sharma,3,1,1,3,3*,-,3,100.00,0,0,0,0,0
(Rising Pune Supergiants)
Anureet Singh,2,-,-,-,-,-,-,-,-,-,-,-,-
(Kings XI Punjab)
S Aravind,9,-,-,-,-,-,-,-,-,-,-,-,-
(Royal Challengers Bangalore)
A Ashish Reddy,4,3,1,47,32,23.50,29,162.06,0,0,0,2,4
(Sunrisers Hyderabad)
M Ashwin,10,1,0,0,0,0.00,1,0.00,0,0,1,0,0
(Rising Pune Supergiants)
R Ashwin,14,6,4,41,29,20.50,38,107.89,0,0,1,3,1
(Rising Pune Supergiants)
GJ Bailey,6,5,1,84,34,21.00,98,85.71,0,0,1,9,2
(Rising Pune Supergiants)
F Behardien,3,3,1,14,9*,7.00,13,107.69,0,0,1,2,0
(Kings XI Punjab)
R Bhatia,10,6,5,34,21,34.00,20,170.00,0,0,0,1,2
(Rising Pune Supergiants)
SW Billings,5,4,0,88,54,22.00,64,137.50,0,1,0,4,4
(Delhi Daredevils)
STR Binny,14,6,2,63,21,15.75,39,161.53,0,0,0,5,4
(Royal Challengers Bangalore)
Bipul Sharma,7,4,2,51,27*,25.50,25,204.00,0,0,0,1,5
(Sunrisers Hyderabad)
SM Boland,2,-,-,-,-,-,-,-,-,-,-,-,-
(Rising Pune Supergiants)
TA Boult,1,-,-,-,-,-,-,-,-,-,-,-,-
(Sunrisers Hyderabad)
CR Brathwaite,8,6,0,83,34,13.83,38,218.42,0,0,0,6,8
(Delhi Daredevils)
DJ Bravo,15,13,5,99,22*,12.37,82,120.73,0,0,1,11,1
(Gujarat Lions)
JJ Bumrah,14,2,1,8,6,8.00,11,72.72,0,0,0,1,0
(Mumbai Indians)
JC Buttler,14,14,3,255,41,23.18,184,138.58,0,0,1,23,11
(Mumbai Indians)
KC Cariappa,5,2,1,13,12*,13.00,11,118.18,0,0,0,0,1
(Kings XI Punjab)
YS Chahal,13,-,-,-,-,-,-,-,-,-,-,-,-
(Royal Challengers Bangalore)
DL Chahar,2,-,-,-,-,-,-,-,-,-,-,-,-
(Rising Pune Supergiants)
UBT Chand,1,1,0,0,0,0.00,4,0.00,0,0,1,0,0
(Mumbai Indians)
PP Chawla,12,3,0,27,11,9.00,26,103.84,0,0,0,4,0
(Kolkata Knight Riders)
NM Coulter-Nile,4,2,2,9,7*,-,14,64.28,0,0,0,1,0
(Delhi Daredevils)
BCJ Cutting,4,4,2,65,39*,32.50,34,191.17,0,0,1,4,6
(Sunrisers Hyderabad)
Q de Kock,13,13,1,445,108,37.08,327,136.08,1,3,0,52,13
(Delhi Daredevils)
AB de Villiers,16,16,3,687,129*,52.84,407,168.79,1,6,1,57,37
(Royal Challengers Bangalore)
R Dhawan,2,2,2,14,11*,-,6,233.33,0,0,0,0,1
(Kings XI Punjab)
S Dhawan,17,17,4,501,82*,38.53,429,116.78,0,4,1,51,8
(Sunrisers Hyderabad)
MS Dhoni,14,12,5,284,64*,40.57,210,135.23,0,1,0,18,14
(Rising Pune Supergiants)
AB Dinda,9,-,-,-,-,-,-,-,-,-,-,-,-
(Rising Pune Supergiants)
JP Duminy,10,8,3,191,49*,38.20,156,122.43,0,0,0,13,3
(Delhi Daredevils)
F du Plessis,6,6,0,206,69,34.33,162,127.16,0,2,0,17,9
(Rising Pune Supergiants)
ER Dwivedi,4,2,0,24,19,12.00,14,171.42,0,0,0,2,2
(Gujarat Lions)
JP Faulkner,7,5,2,77,32,25.66,59,130.50,0,0,0,7,0
(Gujarat Lions)
AJ Finch,13,12,2,393,74,39.30,299,131.43,0,5,2,45,11
(Gujarat Lions)
G Gambhir,15,15,2,501,90*,38.53,411,121.89,0,5,1,54,6
(Kolkata Knight Riders)
CH Gayle,10,10,0,227,76,22.70,150,151.33,0,2,1,17,21
(Royal Challengers Bangalore)
S Gopal,1,1,0,2,2,2.00,16,12.50,0,0,0,0,0
(Mumbai Indians)
MJ Guptill,3,3,0,57,48,19.00,55,103.63,0,0,0,3,3
(Mumbai Indians)
Gurkeerat Singh,7,6,1,113,51,22.60,86,131.39,0,1,1,11,3
(Kings XI Punjab)
PSP Handscomb,2,1,0,6,6,6.00,12,50.00,0,0,0,0,0
(Rising Pune Supergiants)
Harbhajan Singh,14,7,4,92,45*,30.66,84,109.52,0,0,1,11,2
(Mumbai Indians)
JW Hastings,2,-,-,-,-,-,-,-,-,-,-,-,-
(Kolkata Knight Riders)
TM Head,3,3,1,54,37,27.00,40,135.00,0,0,0,3,2
(Royal Challengers Bangalore)
MC Henriques,17,15,3,182,31*,15.16,158,115.18,0,0,1,15,6
(Sunrisers Hyderabad)
GB Hogg,5,1,1,0,0*,-,0,-,0,0,0,0,0
(Kolkata Knight Riders)
JO Holder,4,4,0,22,13,5.50,19,115.78,0,0,1,2,1
(Kolkata Knight Riders)
DJ Hooda,17,15,1,144,34,10.28,121,119.00,0,0,0,9,5
(Sunrisers Hyderabad)
Imran Tahir,4,1,0,5,5,5.00,7,71.42,0,0,0,1,0
(Delhi Daredevils)
Iqbal Abdulla,8,2,2,37,33*,-,27,137.03,0,0,0,4,1
(Royal Challengers Bangalore)
Ishan Kishan,5,5,0,42,27,8.40,41,102.43,0,0,1,5,0
(Gujarat Lions)
SS Iyer,6,6,0,30,19,5.00,43,69.76,0,0,3,2,1
(Delhi Daredevils)
RA Jadeja,15,15,6,191,36*,21.22,177,107.90,0,0,1,14,4
(Gujarat Lions)
KM Jadhav,4,3,3,42,25*,-,32,131.25,0,0,0,2,2
(Royal Challengers Bangalore)
SB Jakati,6,1,1,1,1*,-,2,50.00,0,0,0,0,0
(Gujarat Lions)
MG Johnson,3,3,1,5,4,2.50,14,35.71,0,0,0,0,0
(Kings XI Punjab)
CJ Jordan,9,1,0,3,3,3.00,4,75.00,0,0,0,0,0
(Royal Challengers Bangalore)
KD Karthik,16,15,2,335,53,25.76,266,125.93,0,3,1,38,3
(Gujarat Lions)
S Kaushik,7,2,1,0,0*,0.00,1,0.00,0,0,1,0,0
(Gujarat Lions)
SN Khan,5,4,2,66,35*,33.00,31,212.90,0,0,0,7,4
(Royal Challengers Bangalore)
Z Khan,12,2,0,6,4,3.00,13,46.15,0,0,0,1,0
(Delhi Daredevils)
UT Khawaja,6,6,0,127,30,21.16,100,127.00,0,0,0,14,3
(Rising Pune Supergiants)
V Kohli,16,16,4,973,113,81.08,640,152.03,4,7,1,83,38
(Royal Challengers Bangalore)
Kuldeep Yadav,3,-,-,-,-,-,-,-,-,-,-,-,-
(Kolkata Knight Riders)
DS Kulkarni,14,5,3,27,10,13.50,16,168.75,0,0,0,3,0
(Gujarat Lions)
B Kumar,17,8,2,43,21,7.16,27,159.25,0,0,0,6,1
(Sunrisers Hyderabad)
P Kumar,16,7,3,24,15,6.00,26,92.30,0,0,1,3,0
(Gujarat Lions)
CA Lynn,2,2,1,25,15,25.00,22,113.63,0,0,0,0,1
(Kolkata Knight Riders)
MJ McClenaghan,14,5,2,34,20,11.33,23,147.82,0,0,0,2,3
(Mumbai Indians)
BB McCullum,16,16,0,354,60,22.12,262,135.11,0,1,1,38,16
(Gujarat Lions)
Mandeep Singh,1,-,-,-,-,-,-,-,-,-,-,-,-
(Royal Challengers Bangalore)
MR Marsh,3,1,0,7,7,7.00,11,63.63,0,0,0,0,0
(Rising Pune Supergiants)
SE Marsh,6,6,1,159,56*,31.80,134,118.65,0,1,0,13,4
(Kings XI Punjab)
GJ Maxwell,11,11,2,179,68,19.88,124,144.35,0,2,3,14,8
(Kings XI Punjab)
DA Miller,14,13,3,161,31,16.10,131,122.90,0,0,1,11,4
(Kings XI Punjab)
AF Milne,1,-,-,-,-,-,-,-,-,-,-,-,-
(Royal Challengers Bangalore)
A Mishra,14,2,0,4,3,2.00,14,28.57,0,0,0,0,0
(Delhi Daredevils)
Mohammed Shami,8,2,2,2,2*,-,4,50.00,0,0,0,0,0
(Delhi Daredevils)
EJG Morgan,7,6,1,123,51,24.60,105,117.14,0,1,1,8,4
(Sunrisers Hyderabad)
JA Morkel,2,1,0,16,16,16.00,9,177.77,0,0,0,0,2
(Rising Pune Supergiants)
M Morkel,10,2,2,1,1*,-,1,100.00,0,0,0,0,0
(Kolkata Knight Riders)
CH Morris,12,7,4,195,82*,65.00,109,178.89,0,1,1,15,12
(Delhi Daredevils)
C Munro,4,3,0,30,16,10.00,30,100.00,0,0,0,3,0
(Kolkata Knight Riders)
Mustafizur Rahman,16,-,-,-,-,-,-,-,-,-,-,-,-
(Sunrisers Hyderabad)
S Nadeem,4,1,1,1,1*,-,5,20.00,0,0,0,0,0
(Delhi Daredevils)
NS Naik,2,2,0,23,22,11.50,31,74.19,0,0,0,1,0
(Kings XI Punjab)
KK Nair,14,12,2,357,83*,35.70,297,120.20,0,3,0,40,6
(Delhi Daredevils)
SP Narine,11,4,3,7,4,7.00,13,53.84,0,0,0,0,0
(Kolkata Knight Riders)
P Negi,8,6,4,57,19*,28.50,59,96.61,0,0,0,2,3
(Delhi Daredevils)
A Nehra,8,2,2,1,1*,-,1,100.00,0,0,0,0,0
(Sunrisers Hyderabad)
NV Ojha,17,13,3,136,37,13.60,138,98.55,0,0,1,7,5
(Sunrisers Hyderabad)
MK Pandey,12,11,3,248,52,31.00,183,135.51,0,2,1,17,9
(Kolkata Knight Riders)
HH Pandya,11,9,2,44,9,6.28,63,69.84,0,0,0,4,0
(Mumbai Indians)
KH Pandya,12,9,3,237,86,39.50,124,191.12,0,1,0,22,13
(Mumbai Indians)
RR Pant,10,10,2,198,69,24.75,152,130.26,0,1,0,19,6
(Delhi Daredevils)
Parvez Rasool,4,1,0,10,10,10.00,9,111.11,0,0,0,1,0
(Royal Challengers Bangalore)
AR Patel,14,10,3,111,36*,15.85,77,144.15,0,0,2,4,8
(Kings XI Punjab)
HV Patel,5,1,1,0,0*,-,0,-,0,0,0,0,0
(Royal Challengers Bangalore)
PA Patel,10,10,0,177,81,17.70,152,116.44,0,1,1,23,4
(Mumbai Indians)
IK Pathan,4,3,0,11,7,3.66,13,84.61,0,0,0,0,0
(Rising Pune Supergiants)
YK Pathan,15,13,8,361,63*,72.20,248,145.56,0,3,0,33,13
(Kolkata Knight Riders)
NLTC Perera,12,10,3,150,34,21.42,93,161.29,0,0,0,7,11
(Rising Pune Supergiants)
KP Pietersen,4,4,2,73,37,36.50,61,119.67,0,0,0,4,3
(Rising Pune Supergiants)
KA Pollard,13,12,4,207,51*,25.87,144,143.75,0,1,0,11,16
(Mumbai Indians)
AM Rahane,14,14,3,480,74,43.63,379,126.64,0,6,2,54,9
(Rising Pune Supergiants)
KL Rahul,14,12,3,397,68*,44.11,271,146.49,0,4,1,37,16
(Royal Challengers Bangalore)
SK Raina,15,15,1,399,75,28.50,312,127.88,0,3,0,39,10
(Gujarat Lions)
AS Rajpoot,4,-,-,-,-,-,-,-,-,-,-,-,-
(Kolkata Knight Riders)
N Rana,4,3,0,104,70,34.66,75,138.66,0,1,0,7,8
(Mumbai Indians)
AT Rayudu,13,12,1,334,65,30.36,278,120.14,0,2,1,28,12
(Mumbai Indians)
KW Richardson,4,1,1,1,1*,-,1,100.00,0,0,0,0,0
(Royal Challengers Bangalore)
AD Russell,12,8,1,188,39*,26.85,114,164.91,0,0,0,10,15
(Kolkata Knight Riders)
Sachin Baby,11,6,2,119,33,29.75,79,150.63,0,0,1,9,5
(Royal Challengers Bangalore)
WP Saha,12,12,1,270,56,24.54,212,127.35,0,2,0,29,1
(Kings XI Punjab)
P Sahu,5,2,1,19,18*,19.00,13,146.15,0,0,0,1,1
(Kings XI Punjab)
SV Samson,14,14,3,291,60,26.45,259,112.35,0,1,0,20,8
(Delhi Daredevils)
Sandeep Sharma,14,4,4,8,5*,-,9,88.88,0,0,0,0,0
(Kings XI Punjab)
PJ Sangwan,2,-,-,-,-,-,-,-,-,-,-,-,-
(Gujarat Lions)
R Sathish,4,3,0,24,10,8.00,24,100.00,0,0,0,1,1
(Kolkata Knight Riders)
T Shamsi,4,-,-,-,-,-,-,-,-,-,-,-,-
(Royal Challengers Bangalore)
Shakib Al Hasan,10,7,2,114,66*,22.80,106,107.54,0,1,0,7,5
(Kolkata Knight Riders)
I Sharma,4,1,1,0,0*,-,0,-,0,0,0,0,0
(Rising Pune Supergiants)
KV Sharma,5,3,3,36,26*,-,30,120.00,0,0,0,3,1
(Sunrisers Hyderabad)
MM Sharma,14,6,2,32,15,8.00,26,123.07,0,0,0,3,1
(Kings XI Punjab)
RG Sharma,14,14,3,489,85*,44.45,368,132.88,0,5,1,49,16
(Mumbai Indians)
LMP Simmons,1,1,0,8,8,8.00,8,100.00,0,0,0,0,1
(Mumbai Indians)
RP Singh,4,-,-,-,-,-,-,-,-,-,-,-,-
(Rising Pune Supergiants)
DR Smith,12,12,1,324,73,29.45,221,146.60,0,3,1,35,16
(Gujarat Lions)
SPD Smith,8,7,1,270,101,45.00,176,153.40,1,0,0,27,8
(Rising Pune Supergiants)
TG Southee,11,4,1,30,25,10.00,19,157.89,0,0,0,1,2
(Mumbai Indians)
BB Sran,14,4,4,4,2*,-,4,100.00,0,0,0,0,0
(Sunrisers Hyderabad)
DW Steyn,1,1,0,1,1,1.00,2,50.00,0,0,0,0,0
(Gujarat Lions)
MP Stoinis,7,5,1,146,52,36.50,108,135.18,0,1,1,13,4
(Kings XI Punjab)
J Suchith,1,-,-,-,-,-,-,-,-,-,-,-,-
(Mumbai Indians)
Swapnil Singh,1,1,0,0,0,0.00,1,0.00,0,0,1,0,0
(Kings XI Punjab)
PV Tambe,7,1,1,7,7*,-,19,36.84,0,0,0,1,0
(Gujarat Lions)
AP Tare,3,2,0,8,8,4.00,15,53.33,0,0,1,1,0
(Sunrisers Hyderabad)
SS Tiwary,10,8,1,170,57,24.28,141,120.56,0,2,0,17,4
(Rising Pune Supergiants)
JD Unadkat,1,-,-,-,-,-,-,-,-,-,-,-,-
(Kolkata Knight Riders)
RV Uthappa,15,15,0,394,72,26.26,289,136.33,0,3,1,45,8
(Kolkata Knight Riders)
M Vijay,14,14,1,453,89,34.84,364,124.45,0,5,0,50,10
(Kings XI Punjab)
R Vinay Kumar,3,2,1,13,12,13.00,12,108.33,0,0,0,0,1
(Mumbai Indians)
M Vohra,7,7,0,161,51,23.00,131,122.90,0,1,1,19,3
(Kings XI Punjab)
DA Warner,17,17,3,848,93*,60.57,560,151.42,0,9,1,88,31
(Sunrisers Hyderabad)
SR Watson,16,15,2,179,36,13.76,134,133.58,0,0,1,14,12
(Royal Challengers Bangalore)
D Wiese,1,1,1,5,5*,-,4,125.00,0,0,0,0,0
(Royal Challengers Bangalore)
KS Williamson,6,6,0,124,50,20.66,122,101.63,0,1,0,14,0
(Sunrisers Hyderabad)
J Yadav,5,2,0,6,5,3.00,10,60.00,0,0,0,0,0
(Delhi Daredevils)
SA Yadav,15,11,4,182,60,26.00,143,127.27,0,1,0,18,5
(Kolkata Knight Riders)
UT Yadav,9,2,1,9,7*,9.00,5,180.00,0,0,0,0,1
(Kolkata Knight Riders)
Yuvraj Singh,10,10,1,236,44,26.22,179,131.84,0,0,0,22,13
(Sunrisers Hyderabad)
A Zampa,5,1,0,0,0,0.00,1,0.00,0,0,1,0,0
(Rising Pune Supergiants)
AR Bawne,1,1,1,12,12*,-,12,100.00,0,0,0,1,0
(Delhi Daredevils)
VR Aaron,6,2,1,4,4,4.00,10,40.00,0,0,0,0,0
(Kings XI Punjab)
AD Nath,1,1,0,0,0,0.00,1,0.00,0,0,1,0,0
(Gujarat Lions)
MA Agarwal,3,3,0,26,20,8.66,27,96.29,0,0,1,3,0
(Rising Pune Supergiant)
SS Agarwal,1,-,-,-,-,-,-,-,-,-,-,-,-
(Gujarat Lions)
HM Amla,10,10,3,420,104*,60.00,288,145.83,2,2,1,40,17
(Kings XI Punjab)
CJ Anderson,11,11,4,142,41*,20.28,123,115.44,0,0,1,8,9
(Delhi Daredevils)
Ankit Sharma,1,1,0,25,25,25.00,15,166.66,0,0,0,2,1
(Rising Pune Supergiant)
Ankit Soni,7,3,1,7,7*,3.50,9,77.77,0,0,2,0,1
(Gujarat Lions)
Anureet Singh,1,1,0,15,15,15.00,12,125.00,0,0,0,2,0
(Kings XI Punjab)
S Aravind,10,8,4,32,9,8.00,40,80.00,0,0,2,2,0
(Royal Challengers Bangalore)
Avesh Khan,1,-,-,-,-,-,-,-,-,-,-,-,-
(Royal Challengers Bangalore)
S Badree,7,5,0,13,8,2.60,23,56.52,0,0,2,0,0
(Royal Challengers Bangalore)
Basil Thampi,12,5,5,28,13*,-,28,100.00,0,0,0,1,1
(Gujarat Lions)
R Bhatia,3,2,1,16,16,16.00,17,94.11,0,0,0,0,1
(Rising Pune Supergiant)
SW Billings,6,6,0,138,55,23.00,104,132.69,0,1,1,19,1
(Delhi Daredevils)
STR Binny,8,7,2,78,18*,15.60,76,102.63,0,0,0,6,3
(Royal Challengers Bangalore)
Bipul Sharma,7,3,2,31,21*,31.00,24,129.16,0,0,0,2,1
(Sunrisers Hyderabad)
TA Boult,6,1,1,5,5*,-,8,62.50,0,0,0,0,0
(Kolkata Knight Riders)
CR Brathwaite,2,2,0,12,11,6.00,15,80.00,0,0,0,2,0
(Delhi Daredevils)
DM Bravo,1,1,1,6,6*,-,5,120.00,0,0,0,1,0
(Kolkata Knight Riders)
JJ Bumrah,16,2,1,16,16*,16.00,12,133.33,0,0,1,0,1
(Mumbai Indians)
JC Buttler,10,10,0,272,77,27.20,177,153.67,0,1,0,27,15
(Mumbai Indians)
KC Cariappa,4,2,0,2,1,1.00,7,28.57,0,0,0,0,0
(Kings XI Punjab)
YS Chahal,13,6,3,13,4*,4.33,26,50.00,0,0,1,0,0
(Royal Challengers Bangalore)
DL Chahar,3,1,0,14,14,14.00,6,233.33,0,0,0,0,2
(Rising Pune Supergiant)
RD Chahar,3,1,1,3,3*,-,2,150.00,0,0,0,0,0
(Rising Pune Supergiant)
PP Chawla,6,1,0,2,2,2.00,6,33.33,0,0,0,0,0
(Kolkata Knight Riders)
A Choudhary,5,3,2,25,15*,25.00,20,125.00,0,0,0,1,1
(Royal Challengers Bangalore)
DT Christian,13,9,4,79,17*,15.80,49,161.22,0,0,0,5,5
(Rising Pune Supergiant)
NM Coulter-Nile,8,3,0,14,6,4.66,12,116.66,0,0,0,0,2
(Kolkata Knight Riders)
PJ Cummins,12,9,4,77,24,15.40,53,145.28,0,0,0,5,4
(Delhi Daredevils)
BCJ Cutting,4,3,1,51,20,25.50,26,196.15,0,0,0,5,3
(Sunrisers Hyderabad)
C de Grandhomme,12,9,1,126,36,15.75,92,136.95,0,0,3,10,6
(Kolkata Knight Riders)
AB de Villiers,9,9,1,216,89*,27.00,163,132.51,0,1,0,12,16
(Royal Challengers Bangalore)
S Dhawan,14,14,1,479,77,36.84,376,127.39,0,3,0,53,9
(Sunrisers Hyderabad)
MS Dhoni,16,15,4,290,61*,26.36,250,116.00,0,1,0,15,16
(Rising Pune Supergiant)
AB Dinda,3,1,0,7,7,7.00,7,100.00,0,0,0,1,0
(Rising Pune Supergiant)
F du Plessis,2,1,0,8,8,8.00,7,114.28,0,0,0,1,0
(Rising Pune Supergiant)
JP Faulkner,8,6,2,54,21,13.50,57,94.73,0,0,0,4,0
(Gujarat Lions)
LH Ferguson,4,1,1,1,1*,-,1,100.00,0,0,0,0,0
(Rising Pune Supergiant)
AJ Finch,13,13,1,299,72,24.91,180,166.11,0,2,1,25,19
(Gujarat Lions)
G Gambhir,16,16,4,498,76*,41.50,389,128.02,0,4,0,62,7
(Kolkata Knight Riders)
CH Gayle,9,9,0,200,77,22.22,163,122.69,0,1,2,15,14
(Royal Challengers Bangalore)
MS Gony,1,-,-,-,-,-,-,-,-,-,-,-,-
(Gujarat Lions)
MJ Guptill,7,7,1,132,50*,22.00,88,150.00,0,1,1,17,5
(Kings XI Punjab)
Gurkeerat Singh,2,-,-,-,-,-,-,-,-,-,-,-,-
(Kings XI Punjab)
Harbhajan Singh,11,7,5,16,7*,8.00,16,100.00,0,0,1,0,1
(Mumbai Indians)
TM Head,7,7,2,151,75*,30.20,108,139.81,0,1,1,9,6
(Royal Challengers Bangalore)
MC Henriques,12,11,5,277,55*,46.16,203,136.45,0,3,0,28,4
(Sunrisers Hyderabad)
MJ Henry,2,-,-,-,-,-,-,-,-,-,-,-,-
(Kings XI Punjab)
DJ Hooda,10,6,3,78,19*,26.00,52,150.00,0,0,0,5,4
(Sunrisers Hyderabad)
Imran Tahir,12,1,1,0,0*,-,2,0.00,0,0,0,0,0
(Rising Pune Supergiant)
Iqbal Abdulla,2,1,1,5,5*,-,7,71.42,0,0,0,0,0
(Royal Challengers Bangalore)
Ishan Kishan,11,10,0,277,61,27.70,206,134.46,0,1,0,29,13
(Gujarat Lions)
SS Iyer,12,12,2,338,96,33.80,243,139.09,0,2,0,36,10
(Delhi Daredevils)
SP Jackson,4,3,1,38,16,19.00,31,122.58,0,0,0,5,0
(Kolkata Knight Riders)
RA Jadeja,12,10,6,158,28,39.50,113,139.82,0,0,0,13,4
(Gujarat Lions)
KM Jadhav,13,13,1,267,69,22.25,186,143.54,0,1,0,25,10
(Royal Challengers Bangalore)
IR Jaggi,2,2,1,33,28,33.00,39,84.61,0,0,0,3,0
(Kolkata Knight Riders)
SB Jakati,2,-,-,-,-,-,-,-,-,-,-,-,-
(Gujarat Lions)
MG Johnson,5,3,3,20,13*,-,17,117.64,0,0,0,1,1
(Mumbai Indians)
CJ Jordan,1,1,0,0,0,0.00,1,0.00,0,0,1,0,0
(Sunrisers Hyderabad)
KD Karthik,14,13,3,361,65,36.10,259,139.38,0,2,1,30,11
(Gujarat Lions)
S Kaul,10,1,1,0,0*,-,2,0.00,0,0,0,0,0
(Sunrisers Hyderabad)
S Kaushik,3,-,-,-,-,-,-,-,-,-,-,-,-
(Gujarat Lions)
Z Khan,11,3,2,4,2,4.00,13,30.76,0,0,0,0,0
(Delhi Daredevils)
V Kohli,10,10,0,308,64,30.80,252,122.22,0,4,1,23,11
(Royal Challengers Bangalore)
Kuldeep Yadav,12,2,0,20,16,10.00,22,90.90,0,0,0,2,0
(Kolkata Knight Riders)
DS Kulkarni,6,1,0,1,1,1.00,2,50.00,0,0,0,0,0
(Gujarat Lions)
B Kumar,14,2,1,4,4*,4.00,4,100.00,0,0,1,0,0
(Sunrisers Hyderabad)
P Kumar,6,2,1,8,7*,8.00,9,88.88,0,0,0,0,0
(Gujarat Lions)
CA Lynn,7,7,1,295,93*,49.16,163,180.98,0,3,0,25,19
(Kolkata Knight Riders)
MJ McClenaghan,14,7,3,16,12,4.00,15,106.66,0,0,2,0,1
(Mumbai Indians)
BB McCullum,11,11,0,319,72,29.00,217,147.00,0,2,0,29,18
(Gujarat Lions)
SL Malinga,12,2,2,7,7*,-,3,233.33,0,0,0,0,1
(Mumbai Indians)
Mandeep Singh,11,10,0,188,52,18.80,177,106.21,0,1,2,21,4
(Royal Challengers Bangalore)
SE Marsh,9,8,0,264,84,33.00,194,136.08,0,2,0,36,5
(Kings XI Punjab)
AD Mathews,3,2,0,32,31,16.00,27,118.51,0,0,0,2,1
(Delhi Daredevils)
GJ Maxwell,14,13,3,310,47,31.00,179,173.18,0,0,3,19,26
(Kings XI Punjab)
DA Miller,5,4,1,83,30*,27.66,80,103.75,0,0,0,4,4
(Kings XI Punjab)
TS Mills,5,3,0,8,6,2.66,11,72.72,0,0,1,0,1
(Royal Challengers Bangalore)
AF Milne,4,3,1,7,5,3.50,12,58.33,0,0,0,0,0
(Royal Challengers Bangalore)
A Mishra,14,6,5,49,13*,49.00,52,94.23,0,0,0,2,2
(Delhi Daredevils)
Mohammad Nabi,3,1,0,2,2,2.00,3,66.66,0,0,0,0,0
(Sunrisers Hyderabad)
Mohammed Shami,8,6,2,36,21,9.00,24,150.00,0,0,0,4,2
(Delhi Daredevils)
Mohammed Siraj,6,-,-,-,-,-,-,-,-,-,-,-,-
(Sunrisers Hyderabad)
EJG Morgan,4,4,0,65,26,16.25,62,104.83,0,0,0,6,2
(Kings XI Punjab)
CH Morris,9,9,4,154,52*,30.80,94,163.82,0,1,0,15,6
(Delhi Daredevils)
Mustafizur Rahman,1,-,-,-,-,-,-,-,-,-,-,-,-
(Sunrisers Hyderabad)
S Nadeem,7,4,1,2,2,0.66,9,22.22,0,0,2,0,0
(Delhi Daredevils)
KK Nair,14,13,0,281,64,21.61,226,124.33,0,1,1,39,6
(Delhi Daredevils)
SP Narine,16,14,1,224,54,17.23,130,172.30,0,1,2,34,10
(Kolkata Knight Riders)
T Natarajan,6,-,-,-,-,-,-,-,-,-,-,-,-
(Kings XI Punjab)
P Negi,12,10,2,144,35,18.00,111,129.72,0,0,0,10,7
(Royal Challengers Bangalore)
A Nehra,6,2,2,0,0*,-,0,-,0,0,0,0,0
(Sunrisers Hyderabad)
NV Ojha,14,5,1,79,34,19.75,65,121.53,0,0,0,2,3
(Sunrisers Hyderabad)
MK Pandey,14,13,5,396,81*,49.50,308,128.57,0,2,0,28,12
(Kolkata Knight Riders)
HH Pandya,17,16,9,250,35*,35.71,160,156.25,0,0,0,11,20
(Mumbai Indians)
KH Pandya,13,11,4,243,47,34.71,179,135.75,0,0,0,24,7
(Mumbai Indians)
RR Pant,14,14,0,366,97,26.14,221,165.61,0,2,3,28,24
(Delhi Daredevils)
AR Patel,14,13,5,227,44,28.37,162,140.12,0,0,1,11,11
(Kings XI Punjab)
HV Patel,1,-,-,-,-,-,-,-,-,-,-,-,-
(Royal Challengers Bangalore)
MM Patel,2,1,0,0,0,0.00,1,0.00,0,0,1,0,0
(Gujarat Lions)
PA Patel,16,16,0,395,70,24.68,293,134.81,0,2,2,49,8
(Mumbai Indians)
IK Pathan,1,1,0,2,2,2.00,3,66.66,0,0,0,0,0
(Gujarat Lions)
YK Pathan,15,11,3,143,59,17.87,115,124.34,0,1,1,9,6
(Kolkata Knight Riders)
KA Pollard,17,16,3,385,70,29.61,276,139.49,0,3,0,26,22
(Mumbai Indians)
K Rabada,6,3,0,55,44,18.33,64,85.93,0,0,1,5,1
(Delhi Daredevils)
AM Rahane,16,16,1,382,60,25.46,323,118.26,0,2,2,35,9
(Rising Pune Supergiant)
SK Raina,14,14,3,442,84,40.18,307,143.97,0,3,0,42,13
(Gujarat Lions)
AS Rajpoot,5,1,0,4,4,4.00,7,57.14,0,0,0,1,0
(Kolkata Knight Riders)
N Rana,13,12,1,333,62*,30.27,264,126.13,0,3,0,24,17
(Mumbai Indians)
Rashid Khan,14,3,1,11,6*,5.50,9,122.22,0,0,0,0,1
(Sunrisers Hyderabad)
AT Rayudu,5,5,0,91,63,18.20,78,116.66,0,1,1,7,3
(Mumbai Indians)
JJ Roy,3,3,1,59,31,29.50,40,147.50,0,0,0,9,1
(Gujarat Lions)
Sachin Baby,3,3,0,15,12,5.00,15,100.00,0,0,0,2,0
(Royal Challengers Bangalore)
WP Saha,14,11,1,234,93*,23.40,187,125.13,0,1,1,20,8
(Kings XI Punjab)
SV Samson,14,14,0,386,102,27.57,273,141.39,1,2,2,32,19
(Delhi Daredevils)
MN Samuels,5,4,0,29,27,7.25,31,93.54,0,0,1,1,2
(Delhi Daredevils)
Sandeep Sharma,13,4,4,7,5*,-,6,116.66,0,0,0,0,0
(Kings XI Punjab)
PJ Sangwan,5,3,1,2,1*,1.00,4,50.00,0,0,1,0,0
(Gujarat Lions)
V Shankar,4,4,2,101,63*,50.50,75,134.66,0,1,0,12,1
(Sunrisers Hyderabad)
Shakib Al Hasan,1,1,1,1,1*,-,1,100.00,0,0,0,0,0
(Kolkata Knight Riders)
I Sharma,6,3,1,8,5*,4.00,12,66.66,0,0,0,1,0
(Kings XI Punjab)
KV Sharma,9,6,0,49,19,8.16,41,119.51,0,0,0,5,2
(Mumbai Indians)
MM Sharma,14,7,1,51,13,8.50,50,102.00,0,0,0,3,1
(Kings XI Punjab)
RG Sharma,17,16,2,333,67,23.78,273,121.97,0,3,1,31,9
(Mumbai Indians)
LMP Simmons,7,7,0,137,66,19.57,112,122.32,0,2,1,10,8
(Mumbai Indians)
NB Singh,2,-,-,-,-,-,-,-,-,-,-,-,-
(Gujarat Lions)
DR Smith,12,12,1,239,74,21.72,156,153.20,0,2,2,32,8
(Gujarat Lions)
SPD Smith,15,15,3,472,84*,39.33,387,121.96,0,3,0,38,12
(Rising Pune Supergiant)
TG Southee,3,1,0,7,7,7.00,3,233.33,0,0,0,0,1
(Mumbai Indians)
BB Sran,1,-,-,-,-,-,-,-,-,-,-,-,-
(Sunrisers Hyderabad)
B Stanlake,2,-,-,-,-,-,-,-,-,-,-,-,-
(Royal Challengers Bangalore)
MP Stoinis,5,3,0,17,9,5.66,24,70.83,0,0,0,1,0
(Kings XI Punjab)
BA Stokes,12,11,1,316,103*,31.60,221,142.98,1,1,0,22,15
(Rising Pune Supergiant)
Swapnil Singh,4,2,0,12,10,6.00,19,63.15,0,0,0,0,0
(Kings XI Punjab)
AP Tare,3,3,0,18,18,6.00,23,78.26,0,0,2,3,0
(Delhi Daredevils)
Tejas Baroka,1,-,-,-,-,-,-,-,-,-,-,-,-
(Gujarat Lions)
R Tewatia,3,2,1,19,15*,19.00,11,172.72,0,0,0,4,0
(Kings XI Punjab)
SN Thakur,12,3,0,0,0,0.00,3,0.00,0,0,3,0,0
(Rising Pune Supergiant)
MK Tiwary,15,13,3,324,60,32.40,236,137.28,0,2,1,31,11
(Rising Pune Supergiant)
SS Tiwary,1,1,0,52,52,52.00,43,120.93,0,1,0,9,0
(Mumbai Indians)
RA Tripathi,14,14,0,391,93,27.92,267,146.44,0,2,1,43,17
(Rising Pune Supergiant)
AJ Tye,6,3,1,53,25,26.50,30,176.66,0,0,0,4,3
(Gujarat Lions)
JD Unadkat,12,2,2,2,2*,-,5,40.00,0,0,0,0,0
(Rising Pune Supergiant)
RV Uthappa,14,13,0,388,87,29.84,235,165.10,0,5,1,36,21
(Kolkata Knight Riders)
R Vinay Kumar,1,-,-,-,-,-,-,-,-,-,-,-,-
(Mumbai Indians)
Vishnu Vinod,3,3,0,19,9,6.33,26,73.07,0,0,0,1,1
(Royal Challengers Bangalore)
M Vohra,11,9,0,229,95,25.44,159,144.02,0,1,0,23,9
(Kings XI Punjab)
DA Warner,14,14,3,641,126,58.27,452,141.81,1,4,0,63,26
(Sunrisers Hyderabad)
Washington Sundar,11,5,4,9,5*,9.00,12,75.00,0,0,1,0,0
(Rising Pune Supergiant)
SR Watson,8,7,1,71,24,11.83,78,91.02,0,0,0,6,1
(Royal Challengers Bangalore)
KS Williamson,7,7,1,256,89,42.66,169,151.47,0,2,0,20,10
(Sunrisers Hyderabad)
CR Woakes,13,7,3,46,18,11.50,47,97.87,0,0,0,4,1
(Kolkata Knight Riders)
J Yadav,2,-,-,-,-,-,-,-,-,-,-,-,-
(Delhi Daredevils)
SA Yadav,10,7,1,105,31,17.50,88,119.31,0,0,0,8,3
(Kolkata Knight Riders)
UT Yadav,14,4,4,10,4*,-,13,76.92,0,0,0,0,0
(Kolkata Knight Riders)
Yuvraj Singh,12,11,2,252,70*,28.00,177,142.37,0,2,1,30,8
(Sunrisers Hyderabad)
A Zampa,6,1,0,5,5,5.00,7,71.42,0,0,0,1,0
(Rising Pune Supergiant)
Abhishek Sharma,3,3,2,63,46*,63.00,33,190.90,0,0,0,3,5
(Delhi Daredevils)
AD Nath,1,1,0,9,9,9.00,13,69.23,0,0,0,1,0
(Kings XI Punjab)
MA Agarwal,11,11,1,120,30,12.00,94,127.65,0,0,1,9,5
(Kings XI Punjab)
KK Ahmed,1,-,-,-,-,-,-,-,-,-,-,-,-
(Sunrisers Hyderabad)
MM Ali,5,4,0,77,65,19.25,46,167.39,0,1,0,4,6
(Royal Challengers Bangalore)
CJ Anderson,3,3,0,17,15,5.66,22,77.27,0,0,1,0,1
(Royal Challengers Bangalore)
Ankit Sharma,1,-,-,-,-,-,-,-,-,-,-,-,-
(Rajasthan Royals)
Anureet Singh,3,1,1,3,3*,-,4,75.00,0,0,0,0,0
(Rajasthan Royals)
JC Archer,10,8,3,15,8,3.00,21,71.42,0,0,3,2,0
(Rajasthan Royals)
M Ashwin,2,1,0,1,1,1.00,2,50.00,0,0,0,0,0
(Royal Challengers Bangalore)
R Ashwin,14,9,1,102,45,12.75,71,143.66,0,0,3,7,5
(Kings XI Punjab)
KM Asif,2,-,-,-,-,-,-,-,-,-,-,-,-
(Chennai Super Kings)
Avesh Khan,6,-,-,-,-,-,-,-,-,-,-,-,-
(Delhi Daredevils)
Basil Thampi,4,2,1,3,3,3.00,6,50.00,0,0,0,0,0
(Sunrisers Hyderabad)
RK Bhui,1,1,0,0,0,0.00,5,0.00,0,0,1,0,0
(Sunrisers Hyderabad)
SW Billings,10,8,0,108,56,13.50,78,138.46,0,1,1,8,5
(Chennai Super Kings)
STR Binny,7,5,0,44,22,8.80,39,112.82,0,0,1,2,2
(Rajasthan Royals)
TA Boult,14,1,0,0,0,0.00,2,0.00,0,0,1,0,0
(Delhi Daredevils)
CR Brathwaite,4,4,1,75,43*,25.00,48,156.25,0,0,0,1,8
(Sunrisers Hyderabad)
DJ Bravo,16,10,6,141,68,35.25,91,154.94,0,1,1,8,10
(Chennai Super Kings)
JJ Bumrah,14,3,2,10,6*,10.00,11,90.90,0,0,1,1,0
(Mumbai Indians)
JC Buttler,13,13,3,548,95*,54.80,353,155.24,0,5,0,52,21
(Rajasthan Royals)
YS Chahal,14,1,1,0,0*,-,4,0.00,0,0,0,0,0
(Royal Challengers Bangalore)
DL Chahar,12,4,1,50,39,16.66,29,172.41,0,0,1,1,4
(Chennai Super Kings)
PP Chawla,15,7,3,27,12,6.75,34,79.41,0,0,1,1,1
(Kolkata Knight Riders)
P Chopra,1,1,0,8,8,8.00,6,133.33,0,0,0,2,0
(Rajasthan Royals)
DT Christian,4,3,1,26,13,13.00,33,78.78,0,0,0,0,1
(Delhi Daredevils)
TK Curran,5,4,1,23,18,7.66,28,82.14,0,0,0,3,0
(Kolkata Knight Riders)
BCJ Cutting,9,6,2,96,37,24.00,58,165.51,0,0,0,5,8
(Mumbai Indians)
CJ Dala,1,-,-,-,-,-,-,-,-,-,-,-,-
(Delhi Daredevils)
A Dananjaya,1,1,1,4,4*,-,5,80.00,0,0,0,0,0
(Mumbai Indians)
C de Grandhomme,9,8,3,131,40,26.20,84,155.95,0,0,0,4,10
(Royal Challengers Bangalore)
Q de Kock,8,8,0,201,53,25.12,162,124.07,0,1,0,20,8
(Royal Challengers Bangalore)
AB de Villiers,12,11,2,480,90*,53.33,275,174.54,0,6,0,39,30
(Royal Challengers Bangalore)
S Dhawan,16,16,3,497,92*,38.23,363,136.91,0,4,1,59,14
(Sunrisers Hyderabad)
MS Dhoni,16,15,9,455,79*,75.83,302,150.66,0,3,0,24,30
(Chennai Super Kings)
JP Duminy,6,4,3,36,23,36.00,40,90.00,0,0,0,3,1
(Mumbai Indians)
F du Plessis,6,6,1,162,67*,32.40,129,125.58,0,1,0,17,6
(Chennai Super Kings)
AJ Finch,10,9,1,134,46,16.75,100,134.00,0,0,2,6,8
(Kings XI Punjab)
G Gambhir,6,5,0,85,55,17.00,88,96.59,0,1,0,8,1
(Delhi Daredevils)
CH Gayle,11,11,2,368,104*,40.88,252,146.03,1,3,1,30,27
(Kings XI Punjab)
S Gopal,11,4,1,50,24,16.66,45,111.11,0,0,1,5,0
(Rajasthan Royals)
SP Goswami,6,3,0,52,35,17.33,40,130.00,0,0,0,6,1
(Sunrisers Hyderabad)
K Gowtham,15,13,4,126,33*,14.00,64,196.87,0,0,1,9,9
(Rajasthan Royals)
AD Hales,6,6,0,148,45,24.66,118,125.42,0,0,0,13,6
(Sunrisers Hyderabad)
Harbhajan Singh,13,3,0,29,19,9.66,36,80.55,0,0,0,3,1
(Chennai Super Kings)
DJ Hooda,9,8,4,87,32*,21.75,81,107.40,0,0,0,2,3
(Sunrisers Hyderabad)
Imran Tahir,6,1,1,2,2*,-,2,100.00,0,0,0,0,0
(Chennai Super Kings)
Ishan Kishan,14,12,0,275,62,22.91,184,149.45,0,2,3,22,17
(Mumbai Indians)
SS Iyer,14,14,3,411,93*,37.36,310,132.58,0,4,0,29,21
(Delhi Daredevils)
RA Jadeja,16,10,5,89,27*,17.80,74,120.27,0,0,0,3,4
(Chennai Super Kings)
KM Jadhav,1,1,1,24,24*,-,22,109.09,0,0,0,1,2
(Chennai Super Kings)
MG Johnson,6,2,2,16,12*,-,11,145.45,0,0,0,2,0
(Kolkata Knight Riders)
CJ Jordan,1,-,-,-,-,-,-,-,-,-,-,-,-
(Sunrisers Hyderabad)
KD Karthik,16,16,6,498,52,49.80,337,147.77,0,2,0,49,16
(Kolkata Knight Riders)
S Kaul,17,4,1,3,2,1.00,14,21.42,0,0,1,0,0
(Sunrisers Hyderabad)
SN Khan,7,6,1,51,22*,10.20,41,124.39,0,0,1,7,1
(Royal Challengers Bangalore)
K Khejroliya,3,-,-,-,-,-,-,-,-,-,-,-,-
(Royal Challengers Bangalore)
H Klaasen,4,4,1,57,32,19.00,47,121.27,0,0,1,5,1
(Rajasthan Royals)
V Kohli,14,14,3,530,92*,48.18,381,139.10,0,4,0,52,18
(Royal Challengers Bangalore)
Kuldeep Yadav,16,3,2,12,7*,12.00,24,50.00,0,0,0,1,0
(Kolkata Knight Riders)
DS Kulkarni,8,2,1,6,3*,6.00,7,85.71,0,0,0,0,0
(Rajasthan Royals)
B Kumar,12,4,2,13,7,6.50,16,81.25,0,0,1,1,0
(Sunrisers Hyderabad)
S Lamichhane,3,-,-,-,-,-,-,-,-,-,-,-,-
(Delhi Daredevils)
B Laughlin,7,2,1,1,1*,1.00,4,25.00,0,0,1,0,0
(Rajasthan Royals)
E Lewis,13,13,0,382,65,29.38,276,138.40,0,2,2,32,24
(Mumbai Indians)
MK Lomror,2,2,1,20,11,20.00,21,95.23,0,0,0,1,0
(Rajasthan Royals)
CA Lynn,16,16,1,491,74,32.73,377,130.23,0,3,1,56,18
(Kolkata Knight Riders)
MJ McClenaghan,11,5,3,11,11*,5.50,10,110.00,0,0,2,1,1
(Mumbai Indians)
BB McCullum,6,6,0,127,43,21.16,88,144.31,0,0,1,16,6
(Royal Challengers Bangalore)
Mandeep Singh,14,13,3,252,47*,25.20,186,135.48,0,0,0,16,11
(Royal Challengers Bangalore)
M Markande,14,6,4,21,7*,10.50,24,87.50,0,0,0,2,0
(Mumbai Indians)
GJ Maxwell,12,12,0,169,47,14.08,120,140.83,0,0,0,14,9
(Delhi Daredevils)
DA Miller,3,3,1,74,26,37.00,64,115.62,0,0,0,3,2
(Kings XI Punjab)
A Mishra,10,1,1,1,1*,-,2,50.00,0,0,0,0,0
(Delhi Daredevils)
Mohammad Nabi,2,2,0,18,14,9.00,12,150.00,0,0,0,3,0
(Sunrisers Hyderabad)
Mohammed Shami,4,1,0,7,7,7.00,6,116.66,0,0,0,1,0
(Delhi Daredevils)
Mohammed Siraj,11,4,2,25,14,12.50,22,113.63,0,0,0,2,1
(Royal Challengers Bangalore)
CH Morris,4,4,3,46,27*,46.00,26,176.92,0,0,0,3,2
(Delhi Daredevils)
Mujeeb Ur Rahman,11,2,1,10,10*,10.00,7,142.85,0,0,1,2,0
(Kings XI Punjab)
C Munro,5,5,0,63,33,12.60,41,153.65,0,0,2,7,4
(Delhi Daredevils)
Mustafizur Rahman,7,2,1,1,1,1.00,3,33.33,0,0,0,0,0
(Mumbai Indians)
S Nadeem,6,1,1,6,6*,-,8,75.00,0,0,0,0,0
(Delhi Daredevils)
KK Nair,13,12,0,301,54,25.08,221,136.19,0,2,0,23,13
(Kings XI Punjab)
SP Narine,16,16,0,357,75,22.31,188,189.89,0,2,0,40,23
(Kolkata Knight Riders)
P Negi,2,2,0,3,3,1.50,5,60.00,0,0,1,0,0
(Royal Challengers Bangalore)
L Ngidi,7,-,-,-,-,-,-,-,-,-,-,-,-
(Chennai Super Kings)
NV Ojha,1,1,0,1,1,1.00,4,25.00,0,0,0,0,0
(Delhi Daredevils)
MK Pandey,15,13,2,284,62*,25.81,246,115.44,0,3,1,22,5
(Sunrisers Hyderabad)
HH Pandya,13,13,4,260,50,28.88,195,133.33,0,1,0,20,11
(Mumbai Indians)
KH Pandya,14,13,3,228,41*,22.80,157,145.22,0,0,0,22,10
(Mumbai Indians)
RR Pant,14,14,1,684,128*,52.61,394,173.60,1,5,1,68,37
(Delhi Daredevils)
AR Patel,9,8,2,80,19,13.33,69,115.94,0,0,0,3,4
(Kings XI Punjab)
HV Patel,5,2,1,60,36*,60.00,33,181.81,0,0,0,1,6
(Delhi Daredevils)
PA Patel,6,6,1,153,53,30.60,109,140.36,0,1,0,20,4
(Royal Challengers Bangalore)
YK Pathan,15,13,4,260,45*,28.88,200,130.00,0,0,0,22,11
(Sunrisers Hyderabad)
LE Plunkett,7,2,1,1,1*,1.00,3,33.33,0,0,1,0,0
(Delhi Daredevils)
KA Pollard,9,8,1,133,50,19.00,100,133.00,0,1,1,10,7
(Mumbai Indians)
M Prasidh Krishna,7,2,2,1,1*,-,5,20.00,0,0,0,0,0
(Kolkata Knight Riders)
AM Rahane,15,14,1,370,65*,28.46,313,118.21,0,1,0,39,5
(Rajasthan Royals)
KL Rahul,14,14,2,659,95*,54.91,416,158.41,0,6,0,66,32
(Kings XI Punjab)
SK Raina,15,15,3,445,75*,37.08,336,132.44,0,4,0,46,12
(Chennai Super Kings)
AS Rajpoot,8,3,0,11,8,3.66,18,61.11,0,0,0,1,0
(Kings XI Punjab)
N Rana,15,15,2,304,59,23.38,232,131.03,0,1,0,26,14
(Kolkata Knight Riders)
Rashid Khan,17,7,2,59,34*,11.80,31,190.32,0,0,2,3,6
(Sunrisers Hyderabad)
AT Rayudu,16,16,2,602,100*,43.00,402,149.75,1,3,1,53,34
(Chennai Super Kings)
JJ Roy,5,5,1,120,91*,30.00,94,127.65,0,1,0,9,7
(Delhi Daredevils)
AD Russell,16,14,3,316,88*,28.72,171,184.79,0,1,1,17,31
(Kolkata Knight Riders)
WP Saha,11,10,2,122,35,15.25,102,119.60,0,0,1,17,1
(Sunrisers Hyderabad)
SV Samson,15,15,1,441,92*,31.50,320,137.81,0,3,1,30,19
(Rajasthan Royals)
Sandeep Sharma,12,3,1,0,0*,0.00,4,0.00,0,0,2,0,0
(Sunrisers Hyderabad)
PJ Sangwan,1,1,0,0,0,0.00,4,0.00,0,0,1,0,0
(Mumbai Indians)
JPR Scantlebury-Searles,4,2,1,8,6*,8.00,6,133.33,0,0,0,0,1
(Kolkata Knight Riders)
V Shankar,13,11,7,212,54*,53.00,148,143.24,0,1,0,11,11
(Delhi Daredevils)
Shakib Al Hasan,17,13,2,239,35,21.72,197,121.31,0,0,0,26,5
(Sunrisers Hyderabad)
KV Sharma,6,1,1,0,0*,-,0,-,0,0,0,0,0
(Chennai Super Kings)
MM Sharma,9,4,3,10,4*,10.00,13,76.92,0,0,0,1,0
(Kings XI Punjab)
RG Sharma,14,14,2,286,94,23.83,215,133.02,0,2,3,25,12
(Mumbai Indians)
PP Shaw,9,9,0,245,65,27.22,160,153.12,0,2,0,27,10
(Delhi Daredevils)
Shivam Mavi,9,4,1,13,7,4.33,15,86.66,0,0,1,1,0
(Kolkata Knight Riders)
DR Shorey,1,1,0,8,8,8.00,9,88.88,0,0,0,0,1
(Chennai Super Kings)
DJM Short,7,7,0,115,44,16.42,99,116.16,0,0,0,11,5
(Rajasthan Royals)
Shubman Gill,13,11,5,203,57*,33.83,139,146.04,0,1,0,22,5
(Kolkata Knight Riders)
RK Singh,4,4,0,29,16,7.25,31,93.54,0,0,0,4,0
(Kolkata Knight Riders)
IS Sodhi,6,1,0,1,1,1.00,6,16.66,0,0,0,0,0
(Rajasthan Royals)
TG Southee,8,4,2,52,36*,26.00,46,113.04,0,0,0,5,1
(Royal Challengers Bangalore)
BB Sran,6,4,3,3,2,3.00,7,42.85,0,0,0,0,0
(Kings XI Punjab)
B Stanlake,4,1,1,5,5*,-,2,250.00,0,0,0,1,0
(Sunrisers Hyderabad)
MP Stoinis,7,7,3,99,29*,24.75,76,130.26,0,0,0,6,4
(Kings XI Punjab)
BA Stokes,13,13,1,196,45,16.33,161,121.73,0,0,1,13,6
(Rajasthan Royals)
R Tewatia,8,5,2,50,24,16.66,43,116.27,0,0,0,5,1
(Delhi Daredevils)
SN Thakur,13,1,1,15,15*,-,5,300.00,0,0,0,3,0
(Chennai Super Kings)
MK Tiwary,5,4,1,47,35,15.66,44,106.81,0,0,0,4,1
(Kings XI Punjab)
RA Tripathi,12,12,3,226,80*,25.11,167,135.32,0,1,0,18,8
(Rajasthan Royals)
AJ Tye,14,8,2,32,14,5.33,38,84.21,0,0,2,2,1
(Kings XI Punjab)
JD Unadkat,15,7,3,49,26,12.25,38,128.94,0,0,1,6,1
(Rajasthan Royals)
RV Uthappa,16,16,0,351,54,21.93,265,132.45,0,1,0,30,21
(Kolkata Knight Riders)
M Vijay,1,1,0,12,12,12.00,10,120.00,0,0,0,0,1
(Chennai Super Kings)
R Vinay Kumar,2,1,1,6,6*,-,3,200.00,0,0,0,1,0
(Kolkata Knight Riders)
M Vohra,4,4,0,55,45,13.75,47,117.02,0,0,1,2,4
(Royal Challengers Bangalore)
Washington Sundar,7,6,3,65,35,21.66,38,171.05,0,0,0,5,4
(Royal Challengers Bangalore)
SR Watson,15,15,1,555,117*,39.64,359,154.59,2,2,1,44,35
(Chennai Super Kings)
DJ Willey,3,-,-,-,-,-,-,-,-,-,-,-,-
(Chennai Super Kings)
KS Williamson,17,17,3,735,84,52.50,516,142.44,0,8,1,63,28
(Sunrisers Hyderabad)
CR Woakes,5,4,2,17,11,8.50,19,89.47,0,0,0,1,1
(Royal Challengers Bangalore)
MA Wood,1,1,0,1,1,1.00,3,33.33,0,0,0,0,0
(Chennai Super Kings)
SA Yadav,14,14,0,512,72,36.57,384,133.33,0,4,1,61,16
(Mumbai Indians)
UT Yadav,14,5,1,3,1*,0.75,11,27.27,0,0,2,0,0
(Royal Challengers Bangalore)
Yuvraj Singh,8,6,0,65,20,10.83,73,89.04,0,0,0,6,2
(Kings XI Punjab)
